<?xml version="1.0" encoding="UTF-8"?>
<metadata xml:lang="en"><Esri><CreaDate>20221202</CreaDate><CreaTime>16412600</CreaTime><ArcGISFormat>1.0</ArcGISFormat><SyncOnce>TRUE</SyncOnce><DataProperties><lineage><Process ToolSource="c:\users\pling\appdata\local\programs\arcgis\pro\Resources\ArcToolbox\toolboxes\Conversion Tools.tbx\JSONToFeatures" Date="20221202" Time="164126">JSONToFeatures "C:\Users\PLing\OneDrive - Defenders of Wildlife\Projects\PLACE\Model\LandCover2.geojson" "C:\Users\PLing\OneDrive - Defenders of Wildlife\Projects\PLACE\Model\TXLandCover2.shp" Point</Process></lineage></DataProperties></Esri></metadata>
